Player,GP,MIN,PTS,FGA,FG%,3PA,3P%,REB,AST,TO,STL,BLK
Aaron Gordon,25,29.4,14.6,11.7,43.7,4.5,37.5,6.6,4.2,2.7,0.6,0.8
Aaron Holiday,41,18.0,6.9,6.9,37.0,3.0,33.1,1.2,1.7,0.8,0.6,0.1
Aaron Nesmith,22,15.3,4.0,3.4,39.2,2.5,36.4,2.4,0.4,0.5,0.2,0.2
Abdel Nader,24,14.8,6.7,4.8,49.1,1.8,41.9,2.6,0.8,0.8,0.4,0.4
Adam Mokoka,9,5.2,1.4,1.7,40.0,0.9,12.5,0.4,0.4,0.2,0.2,0.1
Al Horford,28,27.9,14.2,12.9,45.0,5.4,36.8,6.7,3.4,1.0,0.9,0.9
Al-Farouq Aminu,17,21.6,5.5,5.2,40.4,1.8,22.6,5.4,1.7,1.5,1.0,0.5
Alec Burks,32,25.7,12.6,10.3,41.6,4.7,40.4,4.3,2.2,1.1,0.8,0.3
Aleksej Pokusevski,25,21.8,5.6,7.1,29.2,3.9,23.7,4.8,1.7,1.6,0.4,1.0
Alen Smailagic,3,4.3,1.7,2.3,28.6,1.3,25.0,0.0,0.0,0.0,0.0,0.0
Alex Caruso,34,19.9,5.8,4.9,42.2,2.2,40.8,2.9,2.4,1.1,1.0,0.2
Alex Len,34,14.5,6.1,3.7,64.0,0.6,30.0,3.6,0.9,0.9,0.3,1.1
Alfonzo McKinnie,23,5.3,2.5,1.7,55.0,0.8,42.1,1.1,0.1,0.1,0.1,0.0
Alize Johnson,1,33.0,23.0,15.0,73.3,1.0,0.0,15.0,3.0,1.0,2.0,0.0
Amir Coffey,27,7.4,3.0,2.1,49.1,1.2,45.5,0.7,0.4,0.3,0.2,0.0
Andre Drummond,25,28.9,17.5,15.2,47.4,0.3,0.0,13.5,2.6,3.2,1.6,1.2
Andre Iguodala,40,21.3,4.7,4.0,39.1,3.1,34.4,3.7,2.1,1.0,1.0,0.5
Andre Roberson,5,12.6,1.2,2.8,14.3,1.6,12.5,3.0,0.8,0.4,0.6,0.2
Andrew Wiggins,44,32.2,17.7,14.2,46.9,5.0,38.3,4.6,2.1,1.9,0.9,0.9
Anfernee Simons,36,16.6,8.0,6.8,39.4,4.8,40.9,2.3,1.4,0.8,0.2,0.1
Anthony Davis,23,32.8,22.5,16.7,53.3,2.5,29.3,8.4,3.0,2.0,1.3,1.8
Anthony Edwards,44,30.3,16.9,16.1,38.6,6.8,31.5,4.3,2.6,2.0,1.0,0.4
Anthony Gill,13,5.5,0.9,0.9,33.3,0.6,12.5,1.5,0.3,0.2,0.2,0.2
Anthony Lamb,7,15.4,2.6,4.3,20.0,2.4,17.6,3.9,0.3,0.3,0.1,0.1
Anzejs Pasecniks,1,6.3,0.0,1.0,0.0,1.0,0.0,1.0,1.0,5.0,0.0,0.0
Aron Baynes,41,18.7,6.0,5.8,42.4,2.0,25.0,5.3,0.9,0.9,0.3,0.4
Ashton Hagans,2,2.0,0.0,0.0,0.0,0.0,0.0,0.0,0.0,0.5,0.0,0.0
Austin Rivers,21,21.1,7.3,6.4,43.0,3.7,36.4,2.2,2.0,1.0,0.6,0.0
Avery Bradley,10,21.1,8.5,6.6,47.0,3.8,42.1,1.8,1.4,0.9,0.7,0.1
Axel Toupane,1,3.4,0.0,1.0,0.0,0.0,0.0,1.0,0.0,0.0,0.0,2.0
Bam Adebayo,38,33.7,19.2,12.8,55.7,0.2,28.6,9.5,5.4,2.8,0.9,1.1
Ben McLemore,29,16.2,6.9,6.7,34.5,4.9,31.0,2.1,0.9,0.9,0.6,0.1
Ben Simmons,36,34.1,16.1,11.2,56.3,0.2,37.5,8.0,7.6,3.5,1.5,0.7
Bismack Biyombo,41,21.7,5.5,4.0,57.8,0.0,0.0,5.3,1.3,1.0,0.3,1.1
Blake Griffin,22,30.0,11.6,10.4,37.3,5.7,31.7,5.0,3.5,1.5,0.7,0.1
Boban Marjanovic,20,7.6,4.4,3.9,49.4,0.2,0.0,3.9,0.2,0.4,0.1,0.1
Bobby Portis,43,21.0,11.0,8.6,53.8,2.4,48.0,6.8,1.1,0.8,0.8,0.4
Bogdan Bogdanovic,19,23.4,10.2,9.1,40.5,5.9,34.5,3.4,2.2,1.0,0.5,0.2
Bojan Bogdanovic,43,30.2,15.0,11.7,41.4,6.5,38.4,3.8,1.9,1.5,0.5,0.0
Bol Bol,19,5.3,2.3,1.7,48.5,0.8,43.8,0.8,0.3,0.5,0.1,0.3
Brad Wanamaker,39,16.0,4.7,4.4,35.3,1.6,21.3,1.7,2.5,0.9,0.7,0.2
Bradley Beal,39,35.7,31.8,22.9,48.8,6.5,33.3,5.1,4.6,3.3,1.3,0.4
Brandon Clarke,36,26.1,11.7,9.4,52.1,1.5,31.5,5.6,1.6,0.6,1.1,0.9
Brandon Goodwin,27,11.0,3.9,4.0,33.9,2.0,28.3,1.0,1.6,0.6,0.4,0.0
Brandon Ingram,43,34.3,24.2,18.0,47.9,6.3,38.1,5.1,4.7,2.4,0.7,0.7
Brian Bowen II,2,3.3,1.5,1.0,50.0,0.0,0.0,0.5,0.0,0.0,0.0,0.0
Brodric Thomas,9,7.0,3.4,2.6,43.5,1.4,30.8,0.8,1.0,0.4,0.2,0.2
Brook Lopez,43,27.3,11.5,8.9,47.2,4.5,33.3,5.0,0.7,0.9,0.6,1.4
Bruce Brown,41,21.0,8.3,6.3,55.0,0.9,24.3,4.5,1.4,0.8,0.7,0.3
Bruno Caboclo,6,6.1,2.8,2.8,47.1,0.8,0.0,2.3,0.2,0.7,0.0,0.3
Bruno Fernando,21,7.7,1.5,1.3,40.7,0.1,0.0,3.0,0.4,0.7,0.1,0.1
Bryn Forbes,42,18.8,9.5,7.3,46.4,4.7,45.5,1.2,0.6,0.5,0.2,0.0
Buddy Hield,44,35.1,16.8,14.5,39.3,10.5,38.2,4.6,3.3,1.8,0.8,0.3
CJ Elleby,14,8.3,2.8,2.4,41.2,1.5,23.8,1.1,0.2,0.2,0.3,0.2
CJ McCollum,18,32.0,23.8,19.1,43.9,10.3,42.5,3.8,4.3,1.1,1.1,0.3
Caleb Martin,30,14.2,5.3,4.8,40.3,2.1,31.7,2.5,1.0,0.7,0.8,0.2
Cam Reddish,26,28.9,11.2,10.1,36.5,4.8,26.2,4.0,1.3,1.3,1.3,0.3
Cameron Johnson,37,23.7,10.1,8.1,44.0,5.5,38.4,3.3,1.3,0.7,0.6,0.4
Cameron Payne,32,17.1,6.9,5.3,48.0,2.4,42.3,2.1,3.7,1.1,0.6,0.2
Caris LeVert,19,29.3,17.8,16.1,42.5,5.6,34.9,4.3,5.3,1.9,1.3,0.3
Carmelo Anthony,42,25.7,14.0,11.8,41.9,4.6,38.7,3.3,1.7,1.0,0.8,0.7
Carsen Edwards,16,10.2,5.1,4.3,46.4,2.3,30.6,1.1,0.6,0.1,0.3,0.1
Cassius Stanley,11,2.9,1.2,1.4,26.7,0.5,20.0,0.7,0.0,0.1,0.0,0.2
Cassius Winston,9,6.3,2.1,1.6,42.9,1.1,50.0,0.8,1.1,0.1,0.0,0.1
Cedi Osman,43,25.1,10.1,10.0,35.5,5.7,30.9,3.5,2.7,1.0,1.0,0.1
Chandler Hutchison,7,9.1,1.9,2.6,27.8,0.4,33.3,2.9,0.6,0.7,0.1,0.0
Chasson Randle,15,20.5,5.5,4.3,42.2,2.8,35.7,2.0,2.5,1.0,0.3,0.1
Chimezie Metu,12,6.7,3.7,2.9,51.4,0.5,33.3,1.9,0.4,0.6,0.3,0.5
Chris Boucher,44,23.7,13.7,9.1,53.1,3.7,42.0,6.4,1.0,0.7,0.5,1.9
Chris Chiozza,16,10.3,3.9,3.9,33.3,2.0,34.4,1.0,2.9,0.7,0.4,0.3
Chris Paul,42,31.7,15.9,12.4,48.6,3.7,37.4,4.7,8.7,2.3,1.4,0.3
Chris Silva,11,7.5,2.7,1.2,69.2,0.1,100,2.3,0.5,0.8,0.1,0.5
Christian Wood,22,30.8,21.4,15.4,55.0,4.4,38.1,9.8,1.3,1.9,0.9,1.4
Chuma Okeke,28,21.7,4.9,4.5,39.4,2.4,38.2,3.5,1.8,0.6,0.8,0.4
Clint Capela,38,29.3,14.6,10.9,58.4,0.0,0.0,14.2,0.9,1.3,0.7,2.2
Coby White,43,31.7,15.1,13.5,40.9,6.4,35.0,4.6,4.7,2.3,0.5,0.1
Cody Martin,31,13.3,4.0,3.3,49.5,1.0,28.1,2.5,1.2,0.6,0.5,0.2
Cody Zeller,24,22.3,9.2,7.4,50.0,0.8,15.0,7.1,2.3,1.0,0.6,0.5
Cole Anthony,25,26.7,11.0,10.8,37.5,3.3,32.5,4.4,3.8,2.0,0.7,0.4
Collin Sexton,38,35.9,24.0,18.4,47.8,4.4,39.1,2.8,4.3,2.8,1.1,0.1
Cory Joseph,44,21.5,6.6,5.7,44.4,2.1,33.0,2.3,2.5,1.0,0.9,0.2
Cristiano Felicio,7,5.7,1.6,0.6,75.0,0.0,0.0,1.7,0.7,0.4,0.3,0.0
D'Angelo Russell,20,29.2,19.3,16.3,42.6,7.4,39.9,2.6,5.1,2.7,1.1,0.5
D.J. Augustin,40,19.4,6.1,5.3,36.2,3.5,36.4,1.4,3.1,1.0,0.6,0.0
D.J. Wilson,16,9.7,4.1,3.9,38.7,2.3,36.1,2.4,0.3,0.3,0.1,0.3
DaQuan Jeffries,15,13.7,3.9,3.6,40.7,1.7,30.8,1.6,0.3,0.5,0.4,0.3
Dakota Mathias,8,15.4,6.0,6.0,39.6,3.3,30.8,0.9,1.6,0.1,0.1,0.4
Damian Jones,22,9.3,3.0,1.5,72.7,0.0,0.0,2.0,0.2,0.5,0.1,0.5
Damian Lillard,42,36.1,30.1,20.6,45.2,11.3,37.8,4.4,7.7,3.3,0.9,0.2
Damion Lee,43,19.1,6.7,5.0,45.3,3.7,38.4,3.3,1.4,0.5,0.6,0.1
Damyean Dotson,32,18.8,6.6,6.5,38.5,3.4,27.3,1.9,2.2,0.8,0.4,0.1
Daniel Gafford,31,12.4,4.7,2.8,69.0,0.0,0.0,3.3,0.5,0.7,0.4,1.1
Daniel Oturu,14,4.8,1.7,1.5,52.4,0.1,0.0,1.3,0.4,0.3,0.1,0.2
Daniel Theis,42,24.4,9.5,6.9,55.2,2.3,34.7,5.2,1.6,1.0,0.6,1.0
Danilo Gallinari,32,23.5,12.8,9.2,41.6,5.2,40.1,3.9,1.5,1.0,0.6,0.2
Danny Green,44,28.6,9.2,8.0,40.3,6.2,39.0,3.6,1.7,1.2,1.4,0.8
Dante Exum,6,19.4,3.8,4.3,38.5,1.8,18.2,2.8,2.2,1.2,0.7,0.3
Danuel House Jr.,27,28.0,9.7,8.3,41.3,4.6,36.0,4.1,2.0,0.9,0.6,0.5
Dario Saric,25,18.6,10.0,7.8,46.4,3.2,35.4,4.2,1.3,1.5,0.6,0.1
Darius Bazley,36,30.7,11.9,11.2,39.2,5.2,29.0,7.5,1.5,1.8,0.5,0.6
Darius Garland,35,33.1,16.6,14.4,44.2,4.4,40.6,2.2,5.9,3.0,1.1,0.1
Darius Miller,14,10.3,3.4,2.2,45.2,1.9,40.7,1.4,1.1,0.4,0.6,0.3
David Nwaba,30,22.6,9.2,7.3,48.6,2.1,27.0,3.9,1.0,0.6,1.0,0.7
Davis Bertans,35,24.7,10.8,8.2,38.9,7.3,38.2,2.9,0.9,0.6,0.6,0.2
De'Aaron Fox,43,34.7,24.1,18.4,47.5,5.5,33.2,3.4,7.3,3.2,1.3,0.4
De'Andre Hunter,20,31.2,16.0,11.2,50.2,4.4,35.6,5.1,2.1,1.4,0.9,0.5
De'Anthony Melton,29,19.8,9.8,7.9,47.2,3.9,42.5,3.4,2.8,1.2,1.3,0.6
DeAndre Jordan,43,22.7,7.5,4.4,77.1,0.0,0.0,7.4,1.7,1.5,0.3,1.3
DeAndre' Bembry,32,17.1,4.8,3.7,53.4,0.9,32.1,2.4,1.9,1.0,0.7,0.3
DeMar DeRozan,34,34.0,20.5,14.2,49.4,1.7,31.0,4.4,7.3,1.7,0.9,0.3
DeMarcus Cousins,25,20.2,9.6,8.4,37.6,4.6,33.6,7.6,2.4,1.6,0.8,0.7
Dean Wade,36,13.0,4.3,3.4,43.5,2.3,39.8,2.4,0.8,0.4,0.2,0.3
Deandre Ayton,43,30.5,14.7,10.4,60.8,0.4,23.5,10.9,1.5,1.7,0.4,1.1
Deividas Sirvydis,7,1.7,0.1,0.6,0.0,0.6,0.0,0.3,0.1,0.0,0.1,0.0
Dejounte Murray,40,31.3,15.5,14.2,45.0,3.1,31.1,7.0,5.1,1.7,1.5,0.1
Delon Wright,36,29.2,10.4,8.1,46.4,2.5,34.8,4.6,5.0,1.3,1.6,0.5
Deni Avdija,38,22.0,6.2,5.4,44.4,3.0,33.0,4.5,1.2,0.7,0.6,0.2
Dennis Schroder,40,31.5,15.0,12.0,43.1,3.2,31.7,3.5,4.7,2.5,1.0,0.2
Dennis Smith Jr.,19,18.4,6.9,6.7,39.8,2.7,33.3,2.6,3.5,1.2,1.1,0.7
Denzel Valentine,39,18.4,7.2,7.4,37.6,4.3,33.7,3.8,1.7,0.6,0.6,0.0
Derrick Favors,41,15.9,5.9,3.7,64.9,0.0,0.0,5.4,0.9,0.6,0.6,0.9
Derrick Jones Jr.,39,26.6,8.0,6.0,49.4,2.7,32.4,4.4,0.9,0.7,0.8,1.1
Derrick Rose,25,23.5,13.5,11.7,43.0,2.4,37.7,2.2,4.5,1.9,1.2,0.4
Derrick White,17,26.6,12.8,10.9,38.7,5.6,32.6,2.5,3.4,1.5,0.6,1.1
Desmond Bane,37,22.5,9.5,7.3,48.5,3.9,45.5,2.9,1.3,1.0,0.7,0.1
Devin Booker,39,33.7,25.1,18.8,49.5,5.7,35.0,4.1,4.7,3.3,0.9,0.3
Devin Vassell,34,17.4,5.4,4.6,41.0,2.4,41.3,3.1,1.1,0.4,0.9,0.3
Devon Dotson,1,9.5,4.0,4.0,50.0,0.0,0.0,1.0,0.0,0.0,0.0,0.0
Devontae Cacok,8,5.4,2.3,1.6,69.2,0.0,0.0,1.5,0.1,0.3,0.5,0.1
Devonte' Graham,33,30.0,13.3,11.3,37.2,7.7,37.6,2.7,5.1,1.3,0.9,0.1
Dillon Brooks,38,29.2,16.0,15.2,39.5,5.7,31.9,3.0,2.6,2.0,1.3,0.4
Domantas Sabonis,43,36.1,20.1,14.6,52.2,2.6,30.6,11.2,6.2,3.4,1.2,0.6
Donovan Mitchell,41,33.9,25.4,20.2,43.0,8.7,38.4,4.6,5.5,3.0,1.0,0.3
Donte DiVincenzo,43,27.2,10.7,9.4,42.7,5.0,38.7,5.5,3.0,1.3,1.1,0.2
Dorian Finney-Smith,31,31.1,8.4,7.2,42.6,4.8,35.1,5.3,1.5,0.6,0.9,0.4
Doug McDermott,42,25.3,13.4,10.2,51.4,4.5,36.9,3.9,1.4,0.9,0.3,0.1
Draymond Green,38,30.0,6.1,5.8,39.7,1.9,24.3,6.6,8.4,2.8,1.4,0.8
Drew Eubanks,24,13.2,4.5,3.7,47.7,0.0,100,3.4,0.9,0.8,0.2,1.1
Duncan Robinson,44,33.0,12.5,10.0,41.6,8.5,38.2,3.8,1.7,1.2,0.6,0.2
Dwayne Bacon,44,24.9,9.9,9.0,39.9,3.0,33.3,2.8,1.1,0.7,0.5,0.1
Dwight Howard,44,17.3,6.6,4.5,56.6,0.3,28.6,8.2,0.8,1.8,0.4,0.9
Dwight Powell,29,14.7,4.8,3.0,50.0,0.4,23.1,3.4,0.8,0.6,0.5,0.3
Dylan Windler,30,16.9,5.3,4.3,43.1,2.6,33.3,3.5,1.1,1.0,0.6,0.4
E'Twaun Moore,24,14.5,4.3,4.3,42.2,1.2,27.6,1.8,1.5,0.8,0.6,0.2
Ed Davis,19,13.9,2.3,2.3,41.9,0.0,0.0,5.1,1.0,0.3,0.5,0.5
Edmond Sumner,30,11.9,5.4,3.9,50.9,1.5,38.6,1.3,0.5,0.8,0.5,0.1
Elfrid Payton,35,27.9,12.4,11.9,43.6,1.8,25.0,3.9,3.7,1.8,0.7,0.2
Elijah Hughes,8,4.1,2.4,2.1,35.3,1.5,33.3,0.8,0.5,0.5,0.1,0.1
Enes Kanter,43,26.6,12.1,8.4,59.8,0.0,0.0,11.6,1.3,1.2,0.5,0.7
Eric Bledsoe,42,29.2,11.3,9.8,41.6,4.7,36.4,3.4,3.7,1.5,0.7,0.3
Eric Gordon,27,29.2,17.8,13.6,43.3,7.8,32.9,2.1,2.6,1.9,0.5,0.5
Eric Paschall,37,17.4,9.5,7.6,49.3,1.3,30.6,3.2,1.3,1.1,0.3,0.2
Ersan Ilyasova,2,3.2,0.0,0.5,0.0,0.5,0.0,1.0,0.5,0.5,0.0,0.0
Evan Fournier,26,30.3,19.7,14.2,46.1,7.2,38.8,2.9,3.7,2.1,1.0,0.3
Facundo Campazzo,38,17.8,5.0,4.2,37.3,2.9,34.5,1.3,2.8,0.9,1.0,0.2
Frank Jackson,14,12.4,4.9,4.3,41.7,2.1,40.0,1.3,0.8,0.7,0.3,0.0
Frank Kaminsky,32,15.1,6.6,5.4,47.1,2.0,40.6,3.7,1.6,0.5,0.3,0.4
Frank Mason,4,19.8,6.3,6.0,37.5,1.3,40.0,3.0,3.0,1.3,0.0,0.0
Frank Ntilikina,16,14.7,4.3,3.9,37.1,2.3,47.2,1.2,0.8,0.6,0.9,0.1
Fred VanVleet,39,36.8,20.1,16.6,39.6,8.9,37.6,4.3,6.4,1.9,1.8,0.7
Furkan Korkmaz,33,19.6,9.2,7.7,40.6,4.8,36.9,2.2,1.1,0.9,0.7,0.2
Gabe Vincent,29,14.4,5.9,5.4,38.6,3.4,29.3,1.2,1.3,0.8,0.4,0.1
Garrett Temple,35,27.9,8.5,7.4,42.5,3.8,34.3,3.1,2.0,1.0,0.9,0.5
Garrison Mathews,36,17.5,6.7,4.3,42.3,3.5,40.8,1.7,0.4,0.1,0.6,0.2
Gary Clark,35,18.2,3.4,3.7,30.5,3.1,28.7,3.2,0.9,0.5,0.3,0.2
Gary Harris,19,30.6,9.7,8.2,44.2,3.9,32.0,2.5,1.7,0.7,0.9,0.2
Gary Trent Jr.,41,30.8,15.0,12.8,41.4,7.4,39.7,2.2,1.4,0.8,0.9,0.1
George Hill,14,26.3,11.8,8.6,50.8,4.1,38.6,2.1,3.1,0.9,0.9,0.1
Georges Niang,43,13.6,5.2,4.6,41.7,3.3,37.9,2.1,0.7,0.6,0.3,0.1
Giannis Antetokounmpo,41,34.1,28.6,18.6,55.9,3.8,29.9,11.6,6.4,3.7,1.2,1.3
Glenn Robinson III,23,16.1,5.3,4.3,42.4,1.9,36.4,2.0,0.9,0.5,0.2,0.1
Goga Bitadze,24,9.6,4.0,3.3,46.8,1.1,18.5,2.3,0.3,0.4,0.2,1.0
Goran Dragic,28,27.0,13.9,11.3,44.1,4.6,34.9,3.3,4.9,2.7,0.6,0.2
Gordon Hayward,39,34.1,20.1,15.2,48.1,4.7,41.6,5.6,4.2,2.1,1.3,0.3
Gorgui Dieng,22,16.9,7.9,4.9,51.9,2.2,47.9,4.5,1.3,1.0,0.8,0.6
Grant Williams,36,18.3,5.0,4.0,45.1,2.1,41.9,3.0,0.9,0.8,0.5,0.4
Grayson Allen,29,24.7,9.9,7.7,41.7,5.0,40.4,3.2,2.1,1.0,1.0,0.2
Greg Whittington,4,3.0,0.0,0.8,0.0,0.5,0.0,0.0,0.0,0.0,0.0,0.0
Hamidou Diallo,32,23.8,11.9,9.3,48.1,1.3,29.3,5.2,2.4,1.5,1.0,0.4
Harrison Barnes,41,36.0,16.1,11.0,49.2,4.2,36.3,6.6,3.7,1.5,0.7,0.2
Harry Giles III,23,11.8,3.0,2.8,40.6,0.4,33.3,4.9,0.9,0.7,0.2,0.4
Hassan Whiteside,28,14.9,8.0,6.2,55.5,0.0,0.0,6.0,0.6,1.1,0.2,1.4
Henry Ellenson,2,19.2,7.5,7.0,35.7,4.5,22.2,6.0,2.5,0.0,0.0,0.0
Ignas Brazdeikis,4,1.8,0.5,0.3,0.0,0.0,0.0,0.5,0.3,0.3,0.0,0.0
Iman Shumpert,2,5.5,1.0,2.0,25.0,1.5,0.0,0.5,0.0,0.5,0.5,0.0
Immanuel Quickley,39,19.8,12.7,10.1,39.5,5.1,37.5,2.2,2.3,1.0,0.5,0.2
Isaac Bonga,27,12.3,2.2,2.2,39.0,1.3,31.4,2.1,0.6,0.5,0.3,0.3
Isaac Okoro,39,32.3,8.0,7.2,41.8,2.8,30.6,2.8,1.8,1.4,1.1,0.5
Isaiah Hartenstein,30,9.1,3.5,2.7,51.3,0.0,0.0,2.8,0.5,0.7,0.4,0.7
Isaiah Joe,22,11.5,4.1,3.9,36.0,3.0,36.4,1.2,0.7,0.2,0.3,0.2
Isaiah Roby,38,22.9,9.0,6.6,52.0,1.6,33.9,5.5,1.7,1.6,0.9,0.7
Isaiah Stewart,41,19.1,6.2,4.7,57.2,0.3,42.9,5.9,0.8,0.9,0.6,1.0
Ish Smith,19,20.6,5.2,6.1,37.9,1.1,25.0,3.5,4.7,1.0,0.8,0.2
Ivica Zubac,45,20.8,8.6,5.0,67.3,0.0,0.0,7.0,1.2,1.0,0.4,0.8
JJ Redick,31,18.6,8.7,6.9,40.7,4.5,36.4,1.7,1.3,0.8,0.3,0.1
Ja Morant,33,31.5,19.1,15.8,43.7,3.6,22.9,3.4,7.5,2.9,0.9,0.2
JaKarr Sampson,15,6.5,2.6,2.1,46.9,0.3,20.0,1.9,0.1,0.4,0.1,0.2
JaMychal Green,32,19.4,8.7,6.9,45.0,3.7,40.3,5.4,0.8,1.0,0.5,0.3
JaVale McGee,33,15.2,8.0,6.5,52.1,0.6,25.0,5.2,1.0,1.4,0.5,1.2
Jabari Parker,3,9.1,2.7,2.3,57.1,0.3,0.0,2.0,0.3,1.0,0.0,0.3
Jaden McDaniels,37,20.1,5.5,5.2,41.1,2.8,34.3,3.4,1.0,0.7,0.5,1.0
Jae Crowder,40,27.7,10.3,8.5,41.1,6.3,39.0,5.0,2.0,0.9,0.9,0.3
Jae'Sean Tate,43,28.2,10.3,7.9,52.1,2.3,32.7,5.3,1.8,1.1,1.1,0.5
Jahlil Okafor,12,10.0,4.3,3.5,59.5,0.3,0.0,2.3,0.3,0.3,0.2,0.2
Jahmi'us Ramsey,5,3.4,1.4,1.0,60.0,0.6,33.3,0.8,0.2,0.2,0.0,0.2
Jake Layman,32,16.4,6.0,4.8,49.0,2.0,29.2,1.9,0.8,0.7,0.8,0.5
Jakob Poeltl,41,24.2,7.1,5.3,61.8,0.0,0.0,7.7,1.8,1.3,0.6,1.6
Jalen Brunson,38,24.5,12.3,8.5,53.1,3.1,39.8,3.6,3.3,1.3,0.5,0.0
Jalen Harris,4,3.5,0.8,1.0,25.0,0.5,50.0,0.8,0.5,0.3,0.3,0.0
Jalen Lecque,4,3.0,1.3,2.3,11.1,0.3,0.0,1.3,0.5,0.0,0.0,0.0
Jalen McDaniels,21,11.1,4.2,3.6,44.0,1.3,28.6,2.2,0.5,0.8,0.1,0.2
Jalen Smith,15,4.4,1.3,1.4,38.1,0.6,22.2,1.0,0.1,0.2,0.0,0.1
Jamal Murray,42,35.4,21.1,16.4,47.7,6.5,41.5,4.0,4.8,2.3,1.3,0.3
James Ennis III,27,21.6,7.4,5.0,49.3,2.2,43.3,4.0,1.3,0.9,0.8,0.2
James Harden,38,38.0,25.3,17.3,46.3,8.0,35.9,7.9,11.2,4.2,1.3,0.7
James Johnson,29,17.4,5.7,5.0,46.2,2.1,25.0,3.0,1.7,0.9,0.8,0.8
James Wiseman,30,21.0,11.8,9.5,51.9,1.0,35.5,5.9,0.7,1.5,0.3,1.0
Jared Dudley,11,6.9,0.5,0.6,28.6,0.5,40.0,1.7,0.5,0.2,0.1,0.1
Jared Harper,3,2.4,0.7,0.3,0.0,0.0,0.0,0.0,0.0,0.7,0.0,0.0
Jarred Vanderbilt,42,18.2,5.6,3.7,61.1,0.0,50.0,5.6,1.4,1.0,1.0,0.7
Jarrell Brantley,13,2.7,1.2,1.0,46.2,0.7,44.4,0.5,0.2,0.1,0.2,0.1
Jarrett Allen,43,28.5,13.1,7.4,64.1,0.2,40.0,9.9,1.6,1.5,0.4,1.7
Jarrett Culver,22,18.3,6.5,6.1,41.5,1.7,21.6,4.1,0.8,1.1,0.6,0.3
Javonte Green,25,13.8,4.2,2.8,54.9,0.9,31.8,2.1,0.4,0.5,0.7,0.1
Jaxson Hayes,32,13.4,5.5,3.0,72.2,0.0,0.0,3.5,0.5,0.6,0.3,0.5
Jaylen Adams,7,2.6,0.3,1.1,12.5,0.3,0.0,0.4,0.3,0.0,0.0,0.0
Jaylen Brown,41,34.2,24.7,19.1,48.9,6.5,39.3,5.7,3.9,2.8,1.2,0.5
Jaylen Nowell,30,19.0,10.5,8.4,46.6,3.7,38.4,2.2,1.5,0.7,0.5,0.3
Jayson Tatum,38,35.5,24.8,20.3,44.5,7.1,37.6,6.8,4.3,2.5,1.3,0.5
Jeff Green,41,26.8,9.6,7.0,49.0,3.3,40.7,3.8,1.4,0.7,0.6,0.3
Jeff Teague,34,18.1,6.9,5.5,41.5,1.6,46.4,1.7,2.1,1.1,0.8,0.2
Jerami Grant,40,35.6,23.4,17.9,42.9,6.7,35.3,5.1,2.8,2.1,0.8,1.1
Jeremy Lamb,26,22.0,10.9,7.8,45.3,3.7,43.8,3.5,1.7,0.7,0.8,0.5
Jerome Robinson,13,17.0,5.2,5.2,32.8,2.4,29.0,2.5,1.4,0.8,0.5,0.2
Jevon Carter,34,9.5,2.8,2.8,37.9,1.9,32.8,1.1,1.1,0.2,0.4,0.2
Jimmy Butler,30,33.4,21.3,14.7,48.1,1.7,21.2,7.9,7.3,2.3,2.0,0.4
Joe Harris,45,30.7,14.4,10.2,51.4,6.8,48.5,3.4,1.7,0.8,0.6,0.2
Joe Ingles,39,26.8,12.1,7.8,53.8,5.5,49.1,3.7,4.2,1.5,0.6,0.2
Joel Embiid,31,32.6,29.9,18.0,52.5,2.9,42.2,11.5,3.3,3.2,1.2,1.4
John Collins,44,30.6,18.1,13.1,54.1,3.4,37.2,7.8,1.3,1.3,0.5,1.1
John Konchar,21,15.2,4.0,3.2,44.1,1.2,36.0,3.3,1.1,0.4,0.9,0.2
John Wall,29,31.8,21.0,18.0,41.4,6.1,32.8,3.4,6.3,3.3,0.9,0.7
Jonas Valanciunas,36,27.6,15.9,11.6,55.7,1.0,31.4,12.4,1.7,1.9,0.6,0.7
Jontay Porter,1,3.3,0.0,2.0,0.0,1.0,0.0,3.0,0.0,0.0,0.0,0.0
Jordan Bell,3,16.6,3.3,5.0,33.3,0.7,0.0,5.3,1.7,1.0,0.3,1.0
Jordan Bone,14,14.0,4.0,3.9,42.6,2.3,31.3,1.7,1.3,0.2,0.1,0.0
Jordan Clarkson,43,25.7,17.2,14.8,42.5,8.6,35.5,3.9,2.2,1.8,0.9,0.2
Jordan McLaughlin,24,19.4,5.4,5.9,37.6,1.9,34.8,2.3,4.7,1.1,1.0,0.2
Jordan Nwora,12,7.3,4.5,3.3,46.2,1.3,50.0,1.3,0.0,0.9,0.3,0.3
Jordan Poole,23,16.0,10.8,7.7,48.3,4.3,38.0,1.6,1.4,0.6,0.3,0.1
Josh Green,21,10.9,2.2,2.0,44.2,0.6,16.7,1.9,0.5,0.6,0.2,0.0
Josh Hall,7,7.3,1.7,2.6,22.2,1.1,12.5,1.3,1.0,0.6,0.0,0.0
Josh Hart,43,28.3,9.1,7.3,44.6,4.0,32.8,7.6,2.2,0.9,0.9,0.2
Josh Jackson,39,24.9,13.1,11.2,42.2,4.1,28.0,4.2,2.1,2.2,0.9,0.8
Josh Okogie,36,19.8,4.8,4.4,35.0,1.8,22.7,2.6,1.2,0.7,0.9,0.4
Josh Richardson,33,32.0,13.2,10.5,44.9,5.0,32.3,3.4,2.7,1.5,1.0,0.4
Jrue Holiday,33,31.4,15.8,12.9,48.8,4.6,37.5,4.5,5.1,1.7,1.8,0.5
Juan Toscano-Anderson,29,19.1,5.0,3.7,52.8,1.6,40.0,4.1,2.3,1.1,0.6,0.5
Juancho Hernangomez,25,17.3,6.6,5.5,42.8,3.0,32.9,4.2,0.6,0.5,0.4,0.1
Julius Randle,44,37.1,23.3,17.6,47.2,4.7,42.8,10.9,5.9,3.3,0.9,0.2
Justin Holiday,43,32.2,11.6,9.1,43.6,6.6,39.3,3.8,1.7,0.8,1.2,0.4
Justin Jackson,30,16.4,7.0,6.1,41.8,3.2,30.5,2.2,1.5,1.0,0.4,0.1
Justin James,21,6.3,2.0,1.8,43.2,0.6,30.8,0.5,0.5,0.2,0.1,0.0
Justin Patton,12,20.1,5.7,5.6,41.8,2.7,28.1,4.0,1.2,0.3,1.0,1.2
Justise Winslow,14,21.4,7.9,9.4,36.4,2.6,13.5,5.1,1.9,1.6,0.6,0.5
Jusuf Nurkic,12,23.4,9.8,8.6,48.5,1.0,25.0,7.7,2.8,1.9,0.9,0.9
Juwan Morgan,18,4.3,1.0,0.9,43.8,0.6,30.0,0.8,0.2,0.1,0.2,0.0
KZ Okpala,25,12.9,2.7,2.6,40.9,1.5,29.7,2.0,0.4,0.5,0.2,0.3
Karim Mane,7,8.5,1.0,1.3,11.1,0.3,50.0,1.4,0.1,0.4,0.0,0.1
Karl-Anthony Towns,24,33.6,23.5,17.0,49.6,5.8,39.1,10.0,4.1,3.3,0.8,1.5
Kawhi Leonard,37,34.4,25.9,18.2,51.6,5.0,40.0,6.3,4.8,1.9,1.8,0.5
Keita Bates-Diop,16,7.4,2.1,2.0,34.4,0.9,33.3,1.3,0.4,0.1,0.4,0.1
Kelan Martin,14,3.9,1.3,1.5,33.3,0.6,22.2,0.9,0.1,0.3,0.2,0.1
Keldon Johnson,38,29.1,13.7,10.9,47.2,2.8,33.0,6.4,2.0,1.2,0.6,0.6
Keljin Blevins,9,5.2,0.4,1.2,18.2,0.4,0.0,0.2,0.4,0.3,0.2,0.0
Kelly Olynyk,43,26.9,10.0,8.7,43.1,5.7,31.7,6.1,2.1,1.3,0.9,0.6
Kelly Oubre Jr.,42,30.5,15.1,13.0,43.8,5.1,30.6,5.9,1.4,1.3,1.0,0.8
Kemba Walker,26,30.7,17.9,15.5,39.5,7.9,36.4,3.5,4.6,2.2,1.2,0.3
Kendrick Nunn,36,28.8,13.3,11.5,44.7,5.5,36.2,3.2,2.6,1.6,1.1,0.3
Kenrich Williams,44,19.6,7.0,5.1,58.0,1.4,44.4,4.0,1.9,1.0,0.7,0.2
Kent Bazemore,42,16.4,6.0,4.9,44.1,2.5,39.8,2.9,1.5,1.1,0.8,0.5
Kentavious Caldwell-Pope,40,26.0,8.3,6.7,42.2,3.7,40.1,2.4,1.5,1.0,0.8,0.3
Kenyon Martin Jr.,16,19.0,7.3,5.7,48.4,1.2,36.8,4.5,0.8,1.1,0.7,1.0
Kevin Durant,19,35.8,29.0,18.9,52.4,5.9,43.4,7.3,5.3,3.5,0.7,1.4
Kevin Huerter,44,31.5,11.8,10.6,42.1,5.8,36.8,3.6,3.5,1.3,1.3,0.3
Kevin Knox II,30,13.7,4.6,4.1,39.8,2.5,40.0,1.7,0.6,0.5,0.3,0.2
Kevin Love,4,14.5,5.8,5.5,31.8,3.0,33.3,3.3,1.3,0.8,0.3,0.0
Kevin Porter Jr.,7,29.1,14.9,14.0,41.8,6.1,20.9,2.7,6.4,3.1,1.3,0.7
Kevon Looney,33,15.1,3.9,2.7,60.2,0.3,44.4,4.2,1.6,0.6,0.4,0.4
Khem Birch,43,19.7,5.4,4.1,47.2,0.4,22.2,5.1,1.0,0.5,0.6,0.6
Khris Middleton,43,33.5,20.6,15.5,49.0,5.2,43.0,6.2,5.4,2.8,1.1,0.2
Killian Hayes,7,21.1,4.6,6.7,27.7,2.9,25.0,1.1,3.6,2.4,0.3,0.0
Killian Tillie,4,7.5,1.8,2.5,20.0,1.3,40.0,1.3,0.3,0.3,0.3,0.8
Kira Lewis Jr.,28,14.3,5.8,5.7,39.6,2.0,33.9,0.9,2.0,0.5,0.7,0.1
Kostas Antetokounmpo,5,4.8,1.2,0.8,50.0,0.0,0.0,1.8,0.0,1.2,0.4,0.6
Kristaps Porzingis,27,30.3,20.0,15.7,48.0,6.1,36.7,8.6,1.4,1.3,0.4,1.6
Kyle Anderson,39,27.2,12.6,9.8,47.8,3.7,36.3,5.8,3.3,1.4,1.1,0.7
Kyle Guy,17,7.1,2.4,2.6,31.1,1.5,24.0,0.9,0.9,0.2,0.2,0.0
Kyle Kuzma,43,26.9,12.1,10.6,44.3,5.2,37.5,6.7,1.5,1.6,0.5,0.6
Kyle Lowry,37,34.8,17.4,13.1,43.9,7.1,39.5,5.6,7.5,2.9,1.1,0.3
Kyrie Irving,31,35.6,28.1,20.7,52.0,7.1,40.6,4.8,5.7,2.4,1.2,0.6
LaMarcus Aldridge,21,25.9,13.7,11.8,46.4,3.6,36.0,4.5,1.7,1.0,0.4,0.9
LaMelo Ball,41,28.6,15.9,12.8,45.1,5.3,37.5,5.9,6.1,2.8,1.6,0.3
Lamar Stevens,29,13.4,4.4,3.9,42.9,0.7,10.5,2.7,0.8,0.5,0.5,0.3
Landry Shamet,39,20.1,7.8,6.5,39.1,4.9,37.4,1.8,1.1,0.7,0.5,0.1
Langston Galloway,31,11.2,5.0,3.6,47.8,2.1,45.5,1.1,0.7,0.3,0.2,0.0
Larry Nance Jr.,27,32.9,9.6,7.8,48.3,3.3,37.1,6.9,3.0,1.5,1.9,0.6
Lauri Markkanen,23,30.0,17.7,13.2,48.2,7.1,39.0,5.9,1.0,1.3,0.6,0.5
LeBron James,41,33.9,25.4,18.4,51.3,6.5,36.8,7.9,7.9,3.7,1.0,0.6
Lonnie Walker IV,37,26.2,11.5,10.4,42.5,4.8,35.6,2.8,1.6,1.0,0.5,0.4
Lonzo Ball,38,31.7,14.2,12.1,42.5,7.8,38.5,4.2,5.6,2.0,1.3,0.6
Lou Williams,42,21.9,12.1,10.2,42.1,2.8,37.8,2.1,3.4,1.6,0.9,0.1
Luguentz Dort,40,29.7,12.6,11.2,38.5,6.0,32.5,3.5,1.6,1.4,0.9,0.4
Luka Doncic,39,35.2,28.6,20.9,48.2,8.0,36.7,8.3,9.1,4.3,1.0,0.6
Luka Samanic,14,10.2,4.5,3.4,47.9,1.8,32.0,2.6,0.3,0.6,0.3,0.2
Luke Kennard,39,19.3,7.9,6.1,49.4,3.4,48.1,2.7,1.8,0.7,0.4,0.2
Luke Kornet,13,7.2,2.0,2.1,33.3,1.8,26.1,1.2,0.3,0.1,0.2,0.5
Malachi Flynn,19,9.2,2.1,3.1,25.9,1.7,18.2,0.7,1.3,0.3,0.3,0.0
Malcolm Brogdon,41,35.5,21.4,17.8,46.1,6.5,39.8,4.7,6.0,2.3,1.1,0.2
Malik Beasley,33,33.1,20.5,16.7,45.5,8.7,40.6,4.6,2.5,1.6,0.8,0.2
Malik Monk,30,21.6,12.5,9.8,44.9,5.0,41.1,2.7,1.9,1.5,0.5,0.1
Mamadi Diakite,2,4.6,1.0,1.0,50.0,0.0,0.0,1.5,1.0,0.0,0.0,1.0
Marc Gasol,35,20.1,4.8,3.8,40.3,2.4,36.5,4.1,2.0,0.9,0.5,1.3
Marcus Morris Sr.,35,24.8,12.3,9.8,44.6,5.2,45.9,3.8,1.1,0.8,0.5,0.3
Marcus Smart,25,31.4,12.7,10.4,39.0,5.6,32.4,2.8,5.4,1.6,1.5,0.5
Markelle Fultz,8,26.9,12.9,13.0,39.4,2.0,25.0,3.1,5.4,2.3,1.0,0.3
Markieff Morris,38,18.2,6.1,5.3,40.8,3.1,33.1,4.2,1.1,0.7,0.2,0.3
Markus Howard,21,3.4,1.1,1.8,23.7,1.3,18.5,0.3,0.3,0.2,0.1,0.0
Marques Bolden,6,4.8,1.2,0.5,33.3,0.0,0.0,1.0,0.0,0.3,0.3,0.3
Marquese Chriss,2,13.4,6.5,7.0,35.7,2.5,20.0,6.5,1.0,1.0,0.0,1.0
Marvin Bagley III,37,25.7,13.9,11.2,50.2,2.6,35.4,7.4,0.9,1.3,0.5,0.5
Mason Jones,26,11.8,5.8,4.4,41.2,2.5,35.9,2.0,1.5,1.1,0.2,0.0
Mason Plumlee,41,27.7,10.3,6.9,60.9,0.1,0.0,9.5,3.6,2.0,0.9,0.9
Matisse Thybulle,41,18.7,3.7,3.4,41.1,2.1,31.4,1.7,1.0,0.4,1.5,1.0
Matt Thomas,26,7.4,2.7,2.4,38.7,1.6,41.5,0.8,0.3,0.2,0.1,0.0
Maurice Harkless,11,11.2,1.4,1.2,38.5,1.0,45.5,1.2,0.6,0.3,0.2,0.4
Max Strus,22,13.6,6.7,5.0,46.8,4.1,37.4,1.0,0.5,0.1,0.2,0.0
Maxi Kleber,30,27.7,7.8,5.3,46.9,4.0,47.1,5.4,1.4,0.6,0.5,0.8
Meyers Leonard,3,9.8,3.3,2.3,42.9,2.3,42.9,2.3,0.7,0.7,0.0,0.0
Mfiondu Kabengele,23,4.1,1.2,1.4,28.1,0.8,22.2,0.6,0.2,0.3,0.1,0.1
Michael Carter-Williams,23,26.6,9.0,8.7,40.0,2.0,24.4,4.6,4.2,2.3,0.6,0.5
Michael Porter Jr.,34,29.4,16.0,11.5,52.6,5.6,42.9,7.4,0.9,1.1,0.7,0.9
Mikal Bridges,43,32.4,13.5,9.4,52.5,4.4,41.4,4.8,2.4,0.8,0.8,0.9
Mike Conley,35,29.6,16.4,12.5,45.6,6.5,42.4,3.5,5.4,1.9,1.4,0.1
Mike Muscala,35,18.4,9.7,7.6,44.6,5.3,37.0,3.8,0.8,0.6,0.2,0.3
Mike Scott,25,16.6,3.8,3.5,37.9,2.7,34.3,2.6,0.5,0.6,0.5,0.1
Miles Bridges,43,26.3,9.5,7.3,49.7,3.2,37.4,5.7,2.0,1.6,0.7,0.7
Mitchell Robinson,29,28.4,8.6,5.9,65.9,0.0,0.0,8.4,0.6,0.8,1.1,1.5
Miye Oni,30,7.8,2.0,1.6,39.6,1.4,41.5,1.6,0.3,0.2,0.1,0.2
Mo Bamba,22,10.2,4.6,4.0,47.7,1.5,28.1,3.9,0.3,0.4,0.1,0.9
Monte Morris,36,27.2,10.4,8.5,47.1,3.2,35.1,2.2,3.4,0.7,0.7,0.3
Montrezl Harrell,44,25.0,14.8,9.5,63.8,0.2,0.0,6.6,1.1,1.1,0.7,0.8
Moritz Wagner,25,15.0,7.1,4.9,50.8,1.7,31.0,2.9,1.3,0.8,0.9,0.3
Moses Brown,15,16.5,7.5,4.9,59.5,0.0,0.0,6.9,0.3,0.7,0.5,1.3
Mychal Mulder,36,10.5,4.0,3.2,41.7,2.8,39.4,0.9,0.4,0.2,0.2,0.2
Myles Turner,40,30.9,12.8,9.3,48.0,4.4,32.8,6.5,1.0,1.3,0.9,3.4
Naji Marshall,6,3.4,0.5,1.0,16.7,0.3,0.0,0.3,0.3,0.2,0.0,0.2
Nassir Little,27,13.6,5.3,3.7,46.5,2.0,38.9,2.6,0.4,0.4,0.1,0.3
Nate Darling,2,3.6,1.5,2.0,25.0,2.0,25.0,0.0,0.5,0.0,0.0,0.0
Nate Hinton,8,3.7,1.6,2.0,31.3,0.8,16.7,0.3,0.4,0.5,0.3,0.1
Nathan Knight,16,7.8,4.1,2.8,44.4,0.9,35.7,2.1,0.3,0.6,0.3,0.4
Naz Reid,42,19.7,11.3,8.4,52.6,2.5,34.3,4.6,1.2,1.1,0.6,1.1
Nemanja Bjelica,26,16.9,7.2,5.8,46.0,2.2,29.3,3.8,1.9,1.1,0.3,0.1
Nerlens Noel,39,22.4,4.8,3.4,62.6,0.1,0.0,6.0,0.6,1.1,1.0,2.0
Nick Richards,11,3.4,1.2,0.5,50.0,0.0,0.0,0.7,0.0,0.1,0.0,0.0
Nickeil Alexander-Walker,35,18.8,9.2,8.3,41.9,4.1,32.4,2.8,1.9,1.3,1.0,0.4
Nico Mannion,14,13.0,4.4,4.4,32.8,2.3,34.4,1.8,2.6,1.0,0.7,0.0
Nicolas Batum,42,28.5,8.7,6.3,47.2,4.3,43.6,4.6,2.3,0.7,1.1,0.4
Nicolas Claxton,13,18.7,9.4,6.3,63.4,0.3,25.0,4.2,0.8,0.6,0.8,1.5
Nicolo Melli,22,11.0,2.0,2.7,25.4,1.7,18.9,2.6,1.1,0.3,0.4,0.0
Nikola Jokic,44,35.7,27.0,18.5,57.1,3.6,42.1,11.3,8.5,3.1,1.6,0.6
Nikola Vucevic,44,34.1,24.5,20.6,48.0,6.5,40.6,11.8,3.8,1.9,1.0,0.6
Noah Vonleh,4,2.7,0.0,0.8,0.0,0.5,0.0,0.3,0.3,0.5,0.0,0.0
Norman Powell,42,30.4,19.6,13.5,49.8,6.4,43.9,3.0,1.8,1.8,1.1,0.2
Norvel Pelle,4,7.9,2.3,2.0,37.5,0.0,0.0,2.0,0.3,0.8,0.0,0.8
OG Anunoby,26,33.2,14.3,10.7,48.7,5.5,41.0,5.7,1.7,1.7,1.7,0.8
Obi Toppin,34,11.9,4.1,3.6,47.2,1.4,29.8,2.3,0.5,0.6,0.2,0.3
Onyeka Okongwu,22,8.8,2.8,2.0,59.1,0.0,0.0,2.2,0.2,0.4,0.3,0.5
Otto Porter Jr.,25,21.6,9.9,8.1,44.1,3.8,40.0,5.5,2.0,1.0,0.5,0.2
P.J. Tucker,35,28.6,4.1,3.9,36.3,2.6,31.1,4.4,1.3,0.9,0.8,0.6
P.J. Washington,39,29.6,12.3,9.8,45.0,3.6,39.6,6.6,2.9,2.2,1.0,1.3
PJ Dozier,29,20.3,7.7,6.3,44.8,2.7,37.7,3.7,1.6,0.9,0.5,0.5
Pascal Siakam,35,35.3,20.0,16.3,44.8,4.2,30.4,7.3,4.7,2.1,1.1,0.7
Pat Connaughton,40,22.4,6.9,5.4,46.3,3.7,41.1,4.5,1.4,0.4,0.7,0.4
Patrick Beverley,29,23.8,8.3,6.2,44.2,4.1,42.0,3.7,2.1,0.9,0.9,0.8
Patrick McCaw,5,6.7,1.0,0.2,100,0.0,0.0,0.6,0.8,0.0,0.4,0.0
Patrick Patterson,16,12.4,4.4,3.8,43.3,2.5,35.0,1.9,0.6,0.5,0.3,0.1
Patrick Williams,42,28.4,9.6,7.9,46.7,2.2,38.3,4.9,1.2,1.4,0.7,0.7
Patty Mills,40,25.6,13.1,10.3,44.3,6.9,39.5,1.8,2.6,1.1,0.7,0.0
Paul George,34,33.3,22.4,16.5,48.0,7.6,43.1,6.0,5.4,3.2,1.1,0.5
Paul Millsap,34,23.5,9.5,7.0,50.6,2.8,37.5,5.0,1.7,0.9,0.9,0.6
Paul Reed,7,9.1,3.1,3.4,45.8,0.4,0.0,1.7,0.4,0.7,0.1,0.7
Paul Watson,24,9.8,3.0,2.3,45.5,1.8,45.5,1.5,0.5,0.3,0.2,0.1
Payton Pritchard,38,19.7,7.1,5.8,45.0,3.3,41.1,2.0,2.1,0.9,0.5,0.2
Precious Achiuwa,42,12.9,5.5,3.9,57.4,0.0,0.0,3.7,0.5,0.8,0.4,0.5
Quinn Cook,22,6.5,3.0,2.7,43.3,1.0,43.5,0.7,0.8,0.2,0.2,0.0
Quinndary Weatherspoon,9,4.9,0.7,0.9,25.0,0.2,0.0,0.3,0.4,0.8,0.4,0.1
R.J. Hampton,25,9.3,2.6,2.4,41.7,0.7,27.8,2.0,0.6,0.4,0.2,0.1
RJ Barrett,44,33.8,17.3,14.6,45.3,3.3,34.5,6.1,3.0,1.9,0.7,0.3
Rajon Rondo,27,14.9,3.9,4.1,40.0,1.7,37.8,2.0,3.5,1.4,0.7,0.1
Raul Neto,37,20.6,7.7,6.7,43.4,2.5,36.2,2.2,2.2,0.8,1.2,0.1
Ray Spalding,2,9.4,2.0,2.0,50.0,0.5,0.0,2.0,0.0,1.5,0.0,1.0
Rayjon Tucker,1,3.5,4.0,0.0,0.0,0.0,0.0,0.0,1.0,0.0,0.0,0.0
Reggie Bullock,39,27.8,9.3,7.9,41.7,5.2,39.4,3.4,1.4,0.7,0.7,0.2
Reggie Jackson,42,20.4,8.7,7.2,44.7,3.4,40.4,2.6,2.9,1.0,0.6,0.1
Reggie Perry,15,11.7,4.1,4.0,41.7,1.1,25.0,3.9,0.9,0.8,0.3,0.3
Richaun Holmes,40,30.2,14.0,9.2,64.8,0.2,25.0,8.8,1.8,1.3,0.7,1.6
Ricky Rubio,42,26.4,8.6,7.1,40.1,2.7,31.3,3.1,6.8,2.0,1.3,0.0
Robert Covington,41,32.3,8.6,7.5,39.8,5.3,37.2,6.7,1.7,1.2,1.6,1.2
Robert Williams III,37,17.2,7.7,4.7,73.0,0.0,0.0,6.4,1.3,1.0,0.8,1.7
Robert Woodard II,7,2.9,2.3,1.7,50.0,0.6,25.0,1.1,0.0,0.1,0.0,0.0
Robin Lopez,42,20.0,8.2,5.6,58.1,0.4,33.3,4.1,0.9,1.0,0.3,0.6
Rodions Kurucs,16,5.7,1.0,1.5,25.0,1.1,17.6,0.9,0.4,0.6,0.4,0.3
Rodney Hood,38,19.1,4.7,5.3,36.3,2.2,29.8,1.9,1.2,0.8,0.5,0.1
Rodney McGruder,15,11.9,5.6,4.5,50.7,1.5,43.5,1.4,1.0,0.5,0.5,0.1
Royce O'Neale,43,32.2,7.5,5.7,45.1,4.1,41.6,6.6,2.6,1.2,0.8,0.5
Rudy Gay,34,21.7,10.9,9.8,41.0,4.2,38.5,4.9,1.5,1.1,0.7,0.5
Rudy Gobert,43,30.9,14.4,8.4,64.6,0.0,0.0,13.4,1.3,1.7,0.5,3.0
Rui Hachimura,35,31.0,13.4,10.5,47.4,2.7,34.0,5.8,1.5,1.1,0.8,0.1
Russell Westbrook,35,34.7,21.7,18.8,43.8,4.1,31.3,9.5,10.3,4.9,1.3,0.3
Ryan Arcidiacono,26,11.4,3.3,3.0,38.5,1.8,31.9,1.6,1.3,0.2,0.3,0.0
Saben Lee,22,14.4,5.5,3.9,50.6,0.3,57.1,1.5,2.7,0.8,0.6,0.2
Saddiq Bey,41,24.4,10.7,8.4,40.7,5.8,38.7,4.1,1.2,0.7,0.6,0.1
Sam Merrill,17,5.7,1.9,1.4,45.8,0.9,50.0,0.9,0.6,0.3,0.1,0.0
Sean McDermott,9,14.6,3.7,2.8,44.0,1.8,31.3,1.3,0.4,0.4,0.2,0.2
Sekou Doumbouya,38,13.0,3.8,4.1,34.2,1.8,24.6,2.2,0.6,0.7,0.4,0.1
Semi Ojeleye,40,19.1,5.3,4.4,40.8,3.1,39.2,2.9,0.8,0.4,0.3,0.0
Serge Ibaka,39,23.6,10.9,8.9,50.7,2.8,35.2,6.7,1.7,1.1,0.2,1.2
Seth Curry,33,29.6,12.9,10.0,46.2,4.7,43.2,2.2,2.9,1.5,0.9,0.2
Shai Gilgeous-Alexander,35,33.7,23.7,16.1,50.8,4.9,41.8,4.7,5.9,3.0,0.8,0.7
Shake Milton,36,24.9,13.8,11.3,44.6,3.2,30.4,2.3,3.1,1.6,0.6,0.3
Shaquille Harrison,17,3.3,1.0,1.2,30.0,0.1,0.0,0.5,0.5,0.3,0.1,0.0
Sindarius Thornwell,14,5.2,1.2,1.5,33.3,0.6,33.3,0.4,0.3,0.3,0.4,0.1
Skylar Mays,19,7.4,3.4,2.7,39.2,1.2,34.8,0.8,1.0,0.3,0.3,0.0
Solomon Hill,43,18.9,4.2,3.9,35.5,3.0,32.3,2.3,0.9,0.6,0.7,0.1
Spencer Dinwiddie,3,21.4,6.7,5.3,37.5,2.3,28.6,4.3,3.0,1.7,0.7,0.3
Stanley Johnson,39,14.0,2.8,2.6,37.3,1.7,35.8,2.1,1.1,0.6,0.7,0.3
Stephen Curry,39,33.7,29.0,20.2,47.5,11.4,40.8,5.3,6.2,3.1,1.4,0.1
Sterling Brown,41,24.0,7.5,6.4,42.4,4.2,38.6,4.4,1.6,0.8,0.9,0.2
Steven Adams,40,27.7,8.1,5.6,63.1,0.1,0.0,9.2,2.0,1.6,0.9,0.6
Svi Mykhailiuk,40,17.6,7.0,6.3,38.3,4.8,33.2,2.1,1.6,1.1,0.8,0.2
T.J. McConnell,40,25.3,7.2,6.1,54.5,0.6,31.8,3.7,6.5,1.9,1.8,0.4
T.J. Warren,4,29.3,15.5,12.8,52.9,1.8,0.0,3.5,1.3,1.0,0.5,0.0
Tacko Fall,10,6.8,2.9,1.8,72.2,0.0,0.0,2.4,0.2,0.2,0.0,1.0
Taj Gibson,17,18.0,4.2,2.9,56.0,0.7,25.0,4.5,0.5,0.6,0.5,0.5
Talen Horton-Tucker,40,18.4,8.0,7.0,44.8,1.9,25.3,2.7,2.3,1.4,0.8,0.5
Taurean Prince,29,21.4,8.3,7.2,38.0,3.5,38.6,3.6,1.7,1.1,0.7,0.7
Terance Mann,42,16.6,5.4,4.1,48.8,1.0,38.6,3.5,1.2,0.6,0.4,0.2
Terence Davis,34,14.5,6.9,6.2,41.4,3.6,36.1,1.9,1.1,0.9,0.5,0.2
Terrance Ferguson,13,3.8,0.2,0.5,14.3,0.4,0.0,0.1,0.2,0.3,0.1,0.0
Terrence Ross,36,29.6,16.0,13.8,41.4,6.3,36.0,3.5,2.3,1.7,1.1,0.5
Terry Rozier,41,33.0,20.3,15.1,47.7,7.9,42.0,3.7,3.3,1.8,1.3,0.3
Thaddeus Young,39,25.0,12.1,9.5,59.3,0.6,26.1,6.4,4.3,2.1,1.4,0.6
Thanasis Antetokounmpo,31,8.4,2.2,1.6,58.8,0.3,22.2,2.0,0.6,0.6,0.3,0.2
Theo Maledon,38,26.7,8.2,7.7,38.4,4.3,37.2,3.1,3.4,1.9,0.9,0.1
Theo Pinson,13,2.2,0.2,0.6,12.5,0.5,0.0,0.2,0.1,0.1,0.0,0.0
Thomas Bryant,10,27.1,14.3,9.1,64.8,2.1,42.9,6.1,1.5,1.1,0.4,0.8
Thon Maker,8,9.6,3.8,2.3,55.6,0.3,0.0,2.3,0.5,0.4,0.3,0.5
Tim Frazier,3,10.8,1.3,2.7,25.0,0.7,0.0,1.3,2.3,1.0,0.3,0.0
Tim Hardaway Jr.,41,29.5,16.5,13.1,44.4,7.6,39.4,3.4,1.8,0.9,0.5,0.1
Timothe Luwawu-Cabarrot,38,19.4,7.1,6.5,38.3,4.3,35.2,2.4,1.3,0.8,0.7,0.1
Tobias Harris,39,34.0,20.8,15.7,50.8,3.8,41.3,7.7,3.6,1.9,0.9,0.8
Tomas Satoransky,32,22.5,7.7,5.4,51.7,1.9,41.0,2.5,4.8,1.7,0.7,0.3
Tony Bradley,20,14.4,5.5,3.8,68.0,0.1,0.0,5.2,0.9,0.3,0.3,0.7
Tony Snell,31,19.8,5.4,3.8,50.4,2.6,56.1,2.3,1.4,0.5,0.2,0.3
Torrey Craig,21,11.8,3.2,2.9,44.3,1.3,44.4,2.6,0.9,0.3,0.5,0.4
Trae Young,42,34.4,25.8,17.9,43.2,6.8,36.3,4.0,9.4,4.2,0.8,0.2
Tre Jones,19,4.6,1.9,1.6,50.0,0.1,100,0.5,0.4,0.4,0.1,0.0
Tremont Waters,11,8.9,3.0,2.8,32.3,1.4,40.0,0.7,2.7,1.2,0.5,0.0
Trent Forrest,10,3.4,0.4,0.5,20.0,0.2,0.0,0.5,0.7,0.3,0.2,0.0
Trevor Ariza,3,16.3,4.0,5.7,23.5,3.3,20.0,3.3,1.0,0.3,0.3,0.7
Trey Burke,41,15.1,6.8,5.6,45.0,2.9,38.5,0.9,1.5,0.5,0.6,0.0
Trey Lyles,23,15.6,5.0,3.9,47.8,1.7,35.0,3.7,0.6,0.3,0.3,0.0
Tristan Thompson,36,22.5,7.9,6.2,53.4,0.1,0.0,8.4,1.0,1.0,0.4,0.4
Troy Brown Jr.,21,13.7,4.3,4.2,37.1,2.2,30.4,2.9,0.9,0.8,0.1,0.2
Ty Jerome,12,26.1,10.0,8.3,45.5,5.3,44.4,3.4,3.6,0.8,0.8,0.2
Ty-Shon Alexander,4,2.4,0.0,1.0,0.0,0.5,0.0,0.3,0.3,0.0,0.0,0.0
Tyler Bey,7,3.3,1.1,1.3,33.3,0.1,0.0,0.9,0.1,0.0,0.0,0.1
Tyler Cook,7,6.1,1.3,1.1,50.0,0.0,0.0,1.6,0.3,0.3,0.0,0.0
Tyler Herro,33,31.7,15.1,13.6,41.4,5.6,31.2,5.4,3.4,2.2,0.7,0.4
Tyler Johnson,26,15.8,5.3,4.4,40.0,3.0,38.0,1.8,0.9,0.3,0.3,0.0
Tyrell Terry,11,5.1,1.0,1.5,31.3,0.6,0.0,0.5,0.5,0.2,0.5,0.0
Tyrese Haliburton,38,30.0,12.9,10.3,48.2,5.2,42.1,3.4,5.1,1.6,1.3,0.6
Tyrese Maxey,38,15.2,7.5,7.0,46.1,1.6,28.8,1.7,1.6,0.7,0.4,0.2
Tyus Jones,41,20.1,7.4,7.0,43.6,2.3,29.2,2.2,4.2,0.8,1.1,0.1
Udoka Azubuike,12,4.1,1.0,0.6,57.1,0.0,0.0,1.1,0.0,0.3,0.1,0.3
Vernon Carey Jr.,7,3.5,0.7,0.6,50.0,0.1,0.0,1.3,0.1,0.1,0.0,0.1
Victor Oladipo,29,33.4,20.8,18.4,41.1,7.7,33.3,5.0,4.7,2.4,1.3,0.4
Vincent Poirier,10,3.9,0.8,1.2,25.0,0.1,0.0,1.4,0.2,0.4,0.0,0.3
Vlatko Cancar,24,6.0,1.5,1.3,40.6,0.7,23.5,1.2,0.3,0.4,0.3,0.1
Wayne Ellington,31,23.2,10.7,8.0,45.8,6.4,43.1,1.8,1.5,0.7,0.4,0.2
Wendell Carter Jr.,32,24.7,10.9,7.9,51.2,0.7,36.4,7.8,2.2,1.5,0.6,0.8
Wenyen Gabriel,6,3.3,0.2,0.7,0.0,0.2,0.0,1.2,0.3,0.5,0.0,0.0
Wes Iwundu,23,12.5,2.1,2.3,32.7,1.0,13.0,1.9,0.4,0.3,0.4,0.1
Wesley Matthews,37,20.1,4.5,4.1,35.9,3.3,34.7,1.4,1.0,0.5,0.5,0.4
Will Barton,41,30.7,12.7,11.0,43.5,4.7,37.7,4.1,3.1,1.7,0.9,0.4
Will Magnay,1,3.3,0.0,1.0,0.0,1.0,0.0,0.0,0.0,1.0,0.0,0.0
Willie Cauley-Stein,35,17.1,5.5,3.6,62.2,0.2,12.5,4.3,0.7,0.5,0.3,0.8
Willy Hernangomez,24,15.8,6.3,5.0,52.1,0.3,14.3,6.2,1.2,0.5,0.3,0.5
Xavier Tillman,32,19.1,6.6,5.4,52.3,1.1,27.8,4.3,1.5,0.8,0.9,0.6
Yogi Ferrell,2,20.3,9.5,10.5,38.1,4.5,33.3,3.5,2.5,1.5,1.5,0.5
Yuta Watanabe,27,11.4,2.4,2.5,31.3,1.3,37.1,3.0,0.5,0.3,0.4,0.5
Zach LaVine,43,35.3,28.1,19.3,52.0,8.1,43.7,5.0,4.9,3.8,0.9,0.5
Zeke Nnaji,29,10.9,3.8,2.8,51.3,1.5,38.6,1.7,0.2,0.2,0.1,0.1
Zion Williamson,41,32.7,25.7,15.9,62.1,0.5,35.0,7.0,3.4,2.5,0.9,0.7